molecule_chembl_id,canonical_smiles,standard_value,class
CHEMBL5075993,CCOc1ccc(S(=O)(=O)n2nc(OC(=O)c3ccc(-c4ccccc4)cc3)cc2N)cc1,6.0,active
CHEMBL5075008,Nc1ccc(C(=O)Oc2cc(N)n(S(=O)(=O)c3ccc(Oc4ccccc4)cc3)n2)cc1,9.0,active
CHEMBL5092085,Nc1cc(OC(=O)c2ccc(-c3ccccc3)cc2)nn1S(=O)(=O)c1ccccc1,12.0,active
CHEMBL5081752,Nc1ccc(C(=O)Oc2cc(N)n(S(=O)(=O)c3ccc(Br)cc3)n2)cc1,74.0,active
CHEMBL4862682,NCc1ccc(-c2ncc(OCC3CCNCC3)nc2-c2ccc(-c3cn[nH]c3)cc2)cc1,210.0,active
CHEMBL4862353,NCc1ccc(-c2ncc(NCC3CCNCC3)nc2-c2ccc(-c3ccoc3)cc2)cc1,290.0,active
CHEMBL4860444,N=C(N)NCCC[C@H](NC(=O)c1ccccc1)C(=O)N[C@@H](CCCCN)C(=O)N[C@@H](C(=O)NCc1ccc(CN)cc1)c1ccc(OCc2ccccc2)cc1,300.0,active
CHEMBL4847952,N=C(N)NCCC[C@H](NC(=O)c1ccccc1)C(=O)N[C@@H](CCCCN)C(=O)N[C@@H](C(=O)NCc1ccc(C(N)=O)cc1)c1ccc(OCc2ccccc2)cc1,400.0,active
CHEMBL3741422,N=C(N)NCCC[C@H](NC(=O)c1ccccc1)C(=O)N[C@@H](CCCCN)C(=O)N[C@@H](C(N)=O)c1ccc(OCc2ccccc2)cc1,400.0,active
CHEMBL5083861,COc1ccc(S(=O)(=O)n2nc(OC(=O)c3ccc(-c4ccccc4)cc3)cc2N)cc1,500.0,active
CHEMBL4633312,N=C(N)Nc1ccc(CNC(=O)[C@@H](NC(=O)Cc2ccc(-c3ccccc3)cc2)c2ccc(OCc3c(Cl)cccc3Cl)cc2)cc1.O=C(O)C(F)(F)F,540.0,active
CHEMBL4850391,NCc1ccc(-c2ncc(OCC3CCNCC3)nc2-c2ccc(-c3ccoc3)cc2)cc1,590.0,active
CHEMBL4469272,C[C@](NC(=O)[C@H](CCCCN)NC(=O)[C@H](CCCNC(=N)N)NC(=O)c1ccccc1)(C(N)=O)c1ccccc1,600.0,active
CHEMBL1324,Cc1ccc(C(=O)c2cc(O)c(O)c([N+](=O)[O-])c2)cc1,640.0,active
CHEMBL4853830,NCc1ccc(-c2ncc(OCC3CCNCC3)nc2-c2ccc3[nH]ccc3c2)cc1,640.0,active
CHEMBL4865575,O=C(Nc1ccccc1)c1cc2cc(O)c(O)cc2o1,690.0,active
CHEMBL4856850,CNCc1ccc(-c2ncc(OCC3CCNCC3)nc2-c2ccc(-c3ccoc3)cc2)cc1,730.0,active
CHEMBL4876865,NCc1ccc(-c2ccc(NCC3CCNCC3)nc2-c2ccc(-c3ccoc3)cc2)cc1,860.0,active
CHEMBL4848934,NC(=O)c1ccc(-c2ncc(OCC3CCNCC3)nc2-c2ccc(-c3ccoc3)cc2)cc1,980.0,active
CHEMBL4640021,N=C(N)Nc1ccc(CNC(=O)[C@@H](NC(=O)Cc2ccc(-c3ccccc3)cc2)c2ccc(OCc3ccccc3)cc2)cc1.O=C(O)C(F)(F)F,1300.0,active
CHEMBL4464884,CC(NC(=O)[C@H](CCCCN)NC(=O)[C@H](CCCNC(=N)N)NC(=O)c1ccccc1)(C(N)=O)c1ccccc1,1300.0,active
CHEMBL4447800,Cc1ccc2nc(-c3ccc4nc(-c5ccc(NC(=O)c6ccc7nc(-c8ccc(N)cc8)sc7c6)cc5)sc4c3)sc2c1S(=O)(=O)O.N,1500.0,active
CHEMBL4862793,O=C(NCC1CCNCC1)c1cc2ccc(-c3ccoc3)cc2[nH]1,1600.0,active
CHEMBL4545026,CN(C(=O)c1ccccc1)[C@@H](CCCNC(=N)N)C(=O)N[C@@H](CCCCN)C(=O)N[C@@H](C(N)=O)c1ccc(OCc2ccccc2)cc1,1600.0,active
CHEMBL1353221,O=c1ccc2[n+]([O-])c3ccc([O-])cc3oc-2c1.[Na+],1610.0,active
CHEMBL4869859,N=C(N)Nc1ccc(C[C@H](NC(=O)[C@@H](NC(=O)c2ccccc2)c2ccc(OCc3ccccc3)cc2)C(=O)N[C@@H](C(N)=O)c2ccc(OCc3ccccc3)cc2)cc1,1700.0,active
CHEMBL4452943,COc1ccc(C[C@H]2C(=O)N[C@@H](CCCCN)C(=O)N(C)[C@@H](Cc3ccccc3)C(=O)N[C@@H](CCCCN)C(=O)N(C)[C@@H](CO)C(=O)N(C)[C@@H](Cc3ccc(OC)cc3)C(=O)N[C@@H](CCCCN)C(=O)N(C)[C@@H](Cc3ccc(OC)cc3)C(=O)N(C)[C@@H](Cc3ccc(OC)cc3)C(=O)N[C@@H](CCCCN)C(=O)N[C@H](C(N)=O)CSCC(=O)N[C@@H](Cc3ccc(O)cc3)C(=O)N2C)cc1,1700.0,active
CHEMBL4633204,N=C(N)Nc1ccc(CNC(=O)[C@@H](NC(=O)c2ccc(-c3ccccc3)cc2)c2ccc(OCc3ccccc3)cc2)cc1.O=C(O)C(F)(F)F,1800.0,active
CHEMBL4437334,O=C1C=C/C(=N/Nc2ccc([N+](=O)[O-])cc2Cl)C=C1C(=O)Nc1cccc(Cl)c1,1800.0,active
CHEMBL4537775,N=C(N)NCCC[C@H](NC(=O)c1ccccc1)C(=O)N[C@@H](CCCCN)C(=O)N[C@@H](C(=O)N[C@H]1CN(c2cccc(F)c2)C1=O)c1ccc(OCc2ccccc2)cc1,1900.0,active
CHEMBL4638299,N=C(N)Nc1ccc(CNC(=O)[C@@H](NC(=O)c2ccc(-c3ccc(Cl)cc3)cc2)c2ccc(OCc3ccccc3)cc2)cc1.O=C(O)C(F)(F)F,2000.0,active
CHEMBL4634176,N=C(N)Nc1ccc(CNC(=O)[C@@H](NC(=O)c2ccc(OCc3ccc(Cl)cc3)cc2)c2ccc(OCc3ccccc3)cc2)cc1.O=C(O)C(F)(F)F,2200.0,active
CHEMBL4435541,N=C(N)NCCC[C@H](NC(=O)c1ccccc1)C(=O)N[C@@H](CCCCN)C(=O)N[C@@H](C(=O)N[C@H]1CN(c2ccccc2)C1=O)c1ccc(OCc2ccccc2)cc1,2300.0,active
CHEMBL4649657,CCCCCCCCCC(=O)N[C@H](C(=O)NCc1ccc(NC(=N)N)cc1)c1ccc(OCc2ccccc2)cc1.O=C(O)C(F)(F)F,2300.0,active
CHEMBL4872757,NCc1ccc(-c2ncc(OCC3CCNCC3)nc2-c2ccc(C3CCOCC3)cc2)cc1,2400.0,active
CHEMBL4859701,O=C(Nc1ccc(I)cc1)c1nc2cc(O)c(O)cc2s1,2480.0,active
CHEMBL4636584,N=C(N)NCc1ccc(CNC(=O)[C@H](NC(=O)c2ccc(Oc3ccccc3)cc2)c2ccc(OCc3ccc(Cl)c(Cl)c3)cc2)cc1.O=C(O)C(F)(F)F,2500.0,active
CHEMBL4576745,N=C(N)NCCC[C@H](NC(=O)c1ccccc1)C(=O)N[C@@H](CCCCN)C(=O)N[C@@H](C(=O)N[C@H]1CN(c2ccc(F)cc2)C1=O)c1ccc(OCc2ccccc2)cc1,2500.0,active
CHEMBL4568434,Cc1ccc(N2C[C@H](NC(=O)[C@H](NC(=O)[C@H](CCCCN)NC(=O)[C@H](CCCNC(=N)N)NC(=O)c3ccccc3)c3ccc(OCc4ccccc4)cc3)C2=O)cc1,2700.0,active
CHEMBL4446364,COc1cccc(Cn2c3ccc(-c4cccc(C(=N)N)c4)cc3c3cc(-c4cccc(C(=N)N)c4)ccc32)c1,2710.0,active
CHEMBL4872363,O=C(Nc1ccccc1)c1cc2cc(O)c(O)cc2s1,2730.0,active
CHEMBL4436496,Nc1cc(N)c(/N=N/c2ccc(S(=O)(=O)Nc3nccs3)cc2)cc1/N=N/c1ccc(S(=O)(=O)Nc2nccs2)cc1,2750.0,active
CHEMBL4462164,Cc1cccc(N2C[C@H](NC(=O)[C@H](NC(=O)[C@H](CCCCN)NC(=O)[C@H](CCCNC(=N)N)NC(=O)c3ccccc3)c3ccc(OCc4ccccc4)cc3)C2=O)c1,2800.0,active
CHEMBL4649859,CCCCCC(=O)N[C@H](C(=O)NCc1ccc(NC(=N)N)cc1)c1ccc(OCc2c(Cl)cccc2Cl)cc1.O=C(O)C(F)(F)F,2900.0,active
CHEMBL4854366,N=C(N)c1cccc(-c2ccc3c(c2)c2cc(-c4cccc(C(=N)N)c4)ccc2n3S(=O)(=O)c2cccc(C(F)(F)F)c2)c1,2900.0,active
CHEMBL1458891,Cc1ccc(C2=NC(=O)/C(=C/c3cc(O)c(O)c(Br)c3)S2)cc1,2940.0,active
CHEMBL4474101,CN(C(=O)c1ccccc1)[C@@H](CCCNC(=N)N)C(=O)N[C@@H](CCCCN)C(=O)N[C@@](C)(C(N)=O)c1ccccc1,3000.0,active
CHEMBL4879110,N=C(N)c1cccc(-c2ccc3c(c2)c2cc(-c4cccc(C(=N)N)c4)ccc2n3S(=O)(=O)c2cccc(OC(F)(F)F)c2)c1,3100.0,active
CHEMBL4865004,O=C(NCC1CCNCC1)c1c[nH]c2cc(-c3ccoc3)c(-c3ccoc3)cc12,3100.0,active
CHEMBL4642885,CCCCCC(=O)N[C@@H](C(=O)NCc1ccc(CN)cc1)c1ccc(OCc2ccc(Cl)c(Cl)c2)cc1.O=C(O)C(F)(F)F,3100.0,active
CHEMBL3335494,N=C(N)NCCC[C@H](NC(=O)c1ccccc1)C(=O)N[C@@H](CCCCN)C(=O)N[C@H](C(N)=O)c1ccccc1,3300.0,active
CHEMBL1714002,COC1=C(Br)C(=O)c2ncccc2C1=O,3410.0,active
CHEMBL1570587,O=C1C(Cl)=C(NC(=O)c2ccccc2)C(=O)C(Cl)=C1NC(=O)c1ccccc1,3530.0,active
CHEMBL4522006,O=C(Nc1nc2cc(O)c(O)cc2s1)c1ccccc1Sc1ccc(C(F)(F)F)cc1,3600.0,active
CHEMBL4857480,c1cc(-c2ccc(-c3ncc(OCC4CCNCC4)nc3-c3ccc(-c4ccsc4)cc3)cc2)cs1,3600.0,active
CHEMBL4563546,CN(C(=O)c1ccccc1)[C@@H](CCCNC(=N)N)C(=O)N[C@@H](CCCCN)C(=O)N[C@@H](C(N)=O)c1ccccc1,3600.0,active
CHEMBL4870335,O=C(Nc1ccccc1)c1cnc2cc(O)c(O)cc2c1,3630.0,active
CHEMBL1707222,COC1=C(Br)C(=O)c2nc(C)ccc2C1=O,3770.0,active
CHEMBL3740277,N=C(N)NCCC[C@H](NC(=O)c1ccccc1)C(=O)N[C@@H](CCCCN)C(=O)N[C@@H](C(N)=O)c1ccccc1,3800.0,active
CHEMBL4867805,ONCc1ccc(-c2ncc(OCCC3CCNCC3)nc2-c2ccc(CNO)cc2)cc1,3800.0,active
CHEMBL4634331,N=C(N)Nc1ccc(CNC(=O)[C@@H](NC(=O)c2ccc(Oc3ccccc3)cc2)c2ccc(OCc3ccccc3)cc2)cc1.O=C(O)C(F)(F)F,4000.0,active
CHEMBL4848445,O=C(Nc1ccccc1)[C@@H]1CCCN1C(=O)c1cc2cc(O)c(O)cc2s1,4010.0,active
CHEMBL210208,O=c1ccc2c(-c3ccccc3S(=O)(=O)O)c3ccc(O)c(O)c3oc-2c1O,4060.0,active
CHEMBL4519077,N=C(N)NCCC[C@H](NC(=O)C(=O)c1ccccc1)C(=O)N[C@@H](CCCCN)C(=O)N[C@@H](C(N)=O)c1ccccc1,4100.0,active
CHEMBL4440832,O=C(Nc1nc2cc(O)c(O)cc2s1)c1ccccc1Oc1ccc2cc(O)ccc2c1,4200.0,active
CHEMBL4878316,O=C(Nc1nc2cc(O)c(O)cc2s1)c1ccc(I)cc1,4380.0,active
CHEMBL4646812,N=C(N)Nc1ccc(CNC(=O)[C@@H](NC(=O)c2ccc(OCc3ccccc3)cc2)c2ccc(OCc3ccccc3)cc2)cc1.O=C(O)C(F)(F)F,4400.0,active
CHEMBL4568823,COc1cccc(S(=O)(=O)n2c3ccc(-c4cccc(C(=N)N)c4)cc3c3cc(-c4cccc(C(=N)N)c4)ccc32)c1,4500.0,active
CHEMBL1706454,Cl.O=C1C(Cl)=C(N2CCN(CCO)CC2)C(=O)c2c(O)ccc(O)c21,4580.0,active
CHEMBL1972037,NS(=O)(=O)c1ccc(N/N=C/c2ccc(O)c(O)c2O)c([N+](=O)[O-])c1,4590.0,active
CHEMBL2006418,O=[N+]([O-])c1ccc(N/N=C/c2ccc(O)c(O)c2O)c(S(=O)(=O)N2CCOCC2)c1,4600.0,active
CHEMBL1699845,O=C1C(Cl)=C(Oc2ccccc2)C(=O)c2ccccc21,4630.0,active
CHEMBL1496231,COC(CNC(=O)c1ccc2c3c(onc13)-c1ccccc1C2=O)OC,4670.0,active
CHEMBL4639241,COc1cccc(COc2ccc(C(=O)N[C@H](C(=O)NCc3ccc(NC(=N)N)cc3)c3ccc(OCc4ccccc4)cc3)cc2)c1.O=C(O)C(F)(F)F,4700.0,active
CHEMBL4853600,O=C(Nc1ccccc1)[C@@H]1CCCCN1C(=O)c1cc2cc(O)c(O)cc2o1,4730.0,active
CHEMBL4641383,CCCCCCCC(=O)N[C@H](C(=O)NCc1ccc(NC(=N)N)cc1)c1ccc(OCc2ccccc2)cc1.O=C(O)C(F)(F)F,4800.0,active
CHEMBL4871256,O=C(Nc1nc2cc(O)c(O)cc2s1)c1ccc(Cl)c(Cl)c1,4860.0,active
CHEMBL4643221,N=C(N)Nc1ccc(CNC(=O)[C@@H](NC(=O)c2cccc(Oc3ccccc3)c2)c2ccc(OCc3ccccc3)cc2)cc1.O=C(O)C(F)(F)F,4900.0,active
CHEMBL4640386,CCCCCC(=O)N[C@H](C(=O)NCc1ccc(CN)cc1)c1ccc(OCc2ccccc2)cc1.O=C(O)C(F)(F)F,4900.0,active
CHEMBL1212972,CC1OC(CC(=O)O)CC2=C1C(=O)c1c(O)cccc1C2=O,5040.0,active
CHEMBL1729300,COC1=C(OC)C(=O)C(Sc2ccc3ccccc3c2)=CC1=O,5090.0,active
CHEMBL1700996,Cl.O=C1C(Br)=C(N2CCN(CCOCCO)CC2)C(=O)c2c(O)ccc(O)c21,5110.0,active
CHEMBL1446929,CCC(=O)NC1=C(Cl)C(=O)C(NC(=O)CC)=C(Cl)C1=O,5190.0,active
CHEMBL131037,COc1ccc(OC)c2c1C(=O)C(Cl)=C(Cl)C2=O,5230.0,active
CHEMBL1964407,CCOC(=O)/C=C(\C)Sc1cc(O)c2ccccc2c1O,5240.0,active
CHEMBL1329974,O=C(O)CSc1cc(NS(=O)(=O)c2cccc([N+](=O)[O-])c2)c2ccccc2c1O,5400.0,active
CHEMBL1702945,Nc1ccc(S(=O)(=O)c2cc(O)c3ccccc3c2O)cc1,5470.0,active
CHEMBL1325819,C=CCOc1cccc(C2C(C(=O)c3ccc(C)o3)=C(O)C(=O)N2c2nccs2)c1,5640.0,active
CHEMBL4638743,CCCCCC(=O)N[C@@H](C(=O)NCc1ccc(NC(=N)N)cc1)c1ccc(OCc2ccc(Cl)c(Cl)c2)cc1.O=C(O)C(F)(F)F,5700.0,active
CHEMBL1302524,CC(=O)N(C1=C(Cl)C(=O)c2ccccc2C1=O)c1ccc(C(=O)O)cc1,5890.0,active
CHEMBL4646053,N=C(N)Nc1ccc(CNC(=O)[C@@H](NC(=O)c2ccc(OC3CCCCC3)cc2)c2ccc(OCc3ccccc3)cc2)cc1.O=C(O)C(F)(F)F,5900.0,active
CHEMBL1721095,O=C1C=C(c2c(O)ccc3ccccc23)c2ccccc2C1=O,5910.0,active
CHEMBL4441561,N#C/C(=C\c1ccc(-c2ccc(C(=O)O)cc2)s1)c1nc2cc(Cl)ccc2[nH]1,5950.0,active
CHEMBL4848342,O=C(Nc1nc2cc(O)c(O)cc2s1)c1ccc(Cl)cc1,5970.0,active
CHEMBL1347373,O=C(O)CCn1cc(C=C2C(=O)NC(=S)NC2=O)c(-c2cccc(Br)c2)n1,6040.0,active
CHEMBL3191525,COc1ccc2c(c1)-c1nc(/N=C/c3c(O)ccc4ccccc34)sc1CC2,6250.0,active
CHEMBL4877376,Cc1cc(CN)ccc1-c1ncc(OCC2CCNCC2)nc1-c1ccc(CN)cc1C,6300.0,active
CHEMBL4643526,N=C(N)Nc1ccc(CNC(=O)[C@@H](NC(=O)c2ccc(-c3cccs3)s2)c2ccc(OCc3ccccc3)cc2)cc1.O=C(O)C(F)(F)F,6300.0,active
CHEMBL4569882,COc1ccc(/C=C\c2cc(OC)c(OC)c(OC)c2)cc1NC(=O)[C@H](CCCNC(=N)N)NC(=O)[C@@H](N)CCCNC(=N)N,6300.0,active
CHEMBL1526763,O=C(O)c1ccc(COc2ccccc2C=C2C(=O)c3ccccc3C2=O)cc1,6330.0,active
CHEMBL1163377,CN1CCN(C2=C(Cl)C(=O)c3ccccc3C2=O)CC1,6330.0,active
CHEMBL1526067,O=[N+]([O-])c1cc([N+](=O)[O-])c2cc3ccccc3nc2c1,6370.0,active
CHEMBL1736432,O=[N+]([O-])c1cc2no[n+]([O-])c2cc1N1CCCCC1,6380.0,active
CHEMBL4855786,Cc1ccc(C(=O)Nc2nc3cc(O)c(O)cc3s2)cc1,6390.0,active
CHEMBL4875563,O=C(Nc1ccccc1)[C@@H]1CCCN1C(=O)c1cc2cc(O)c(O)cc2o1,6430.0,active
CHEMBL4867842,O=C(NCC1CCNCC1)c1cc2ccc(-c3ccc(Oc4ccccc4)cc3)cc2[nH]1,6500.0,active
CHEMBL4865561,NCCCC[C@H](NC(=O)[C@@H](NC(=O)c1ccccc1)c1ccc(OCc2ccccc2)cc1)C(=O)N[C@@H](C(N)=O)c1ccc(OCc2ccccc2)cc1,6600.0,active
CHEMBL4868241,COc1ccc(S(=O)(=O)n2c3ccc(-c4cccc(C(=N)N)c4)cc3c3cc(-c4cccc(C(=N)N)c4)ccc32)cc1,6600.0,active
CHEMBL4645091,CCCCCC(=O)N[C@@H](C(=O)NCc1ccc(NC(=N)N)cc1)c1ccc(OCc2ccc(C(F)(F)F)cc2)cc1.O=C(O)C(F)(F)F,6600.0,active
CHEMBL4441383,COC(=O)c1[nH]c2ccc(Cl)cc2c1C(=O)c1cc(OC)c(O)c(OC)c1,6700.0,active
CHEMBL4632524,CCCCCCC(=O)N[C@H](C(=O)NCc1ccc(NC(=N)N)cc1)c1ccc(OCc2ccccc2)cc1.O=C(O)C(F)(F)F,6800.0,active
CHEMBL1721986,CC(C)c1ccc(S(=O)(=O)/N=C2/C=C(Sc3nc[nH]n3)C(=O)c3ccccc32)cc1,6890.0,active
CHEMBL4857545,O=C(Nc1ccccc1)c1cc2cc(O)c(O)cc2[nH]1,6900.0,active
CHEMBL1476089,O=C1C(Cl)=CC(=Nc2ccc([O-])cc2)C=C1Cl.[Na+],7020.0,active
CHEMBL1564699,O=C(O)CSc1cc(NS(=O)(=O)c2ccc(Cl)cc2)c2ccccc2c1O,7150.0,active
CHEMBL1383957,CC1=NOC(=O)/C1=C\c1ccc2c(c1)OCO2,7170.0,active
CHEMBL1465938,COc1ccc(S(=O)(=O)Nc2cc(SCC(=O)O)c(O)c3ccccc23)cc1,7220.0,active
CHEMBL4641816,CCCCCC(=O)N[C@H](C(=O)NCc1ccc(NC(=N)N)cc1)c1ccc(OCc2ccc(C(F)(F)F)cc2)cc1.O=C(O)C(F)(F)F,7400.0,active
CHEMBL1433919,O=C1NN(c2ccc(Cl)c(Cl)c2)C(=O)/C1=C/c1ccc(-c2ccccc2C(=O)O)o1,7410.0,active
CHEMBL1420642,COc1cc(/C=C2/C(=O)c3cccc([N+](=O)[O-])c3C2=O)c(Br)cc1O,7440.0,active
CHEMBL1310865,CCOc1ccc(S(=O)(=O)Nc2cc(SCC(=O)O)c(O)c3ccccc23)cc1,7490.0,active
CHEMBL1321103,O=C(O)CCn1cc(C=C2C(=O)NC(=S)NC2=O)c(-c2ccccc2)n1,7650.0,active
CHEMBL1331211,O=C(O)CSc1cc(NS(=O)(=O)c2ccc(Br)cc2)c2ccccc2c1O,7660.0,active
CHEMBL1578997,O=C(O)c1ccc(NC2=C(Cl)C(=O)c3ccccc3C2=O)cc1,7760.0,active
CHEMBL1873953,O=[N+]([O-])c1cc2ccccc2c(O)c1O,7790.0,active
CHEMBL4859361,O=C(Nc1nc2cc(O)c(O)cc2s1)c1ccc(-c2ccccc2)cc1,7800.0,active
CHEMBL4863749,NCCCC[C@H](NC(=O)c1ccccc1)C(=O)N[C@@H](C(=O)N[C@@H](C(N)=O)C1CCCCC1)c1ccc(OCc2ccccc2)cc1,7900.0,active
CHEMBL1528850,O=C(O)CCn1cc(C=C2C(=O)NC(=O)NC2=O)c(-c2ccc(Br)cc2)n1,7970.0,active
CHEMBL1881398,COc1cc(/C=C2\C(=O)N(c3cccc(C(=O)O)c3)N=C2C)ccc1OCc1ccccc1,7990.0,active
CHEMBL1431126,Oc1nc2ccccc2n2c(-c3ccccc3)nnc12,8260.0,active
CHEMBL4868257,CC(C)(C)c1ccc(-c2ncc(OCC3CCNCC3)nc2-c2ccc(C(C)(C)C)cc2)cc1,8400.0,active
CHEMBL1507776,C#CCOc1ccc(/C=C2/C(=O)N(c3cccc(C(=O)O)c3)N=C2C)cc1OC,8420.0,active
CHEMBL1531656,O=C(O)c1cc(Nc2cc(Cl)c3nonc3c2[N+](=O)[O-])ccc1O,8550.0,active
CHEMBL4860508,N=C(N)c1cccc(-c2ccc3c(c2)c2cc(-c4cccc(C(=N)N)c4)ccc2n3S(=O)(=O)c2ccccc2Br)c1,8800.0,active
CHEMBL4638781,N=C(N)Nc1ccc(CNC(=O)[C@@H](NC(=O)CC2CCCCC2)c2ccc(OCc3ccccc3)cc2)cc1.O=C(O)C(F)(F)F,9000.0,active
CHEMBL1723955,O=C1C(Cl)=C(NCCc2ccccc2)C(=O)c2ccccc21,9150.0,active
CHEMBL1865393,COc1ccccc1N(C(C)=O)C1=C(Cl)C(=O)c2ccccc2C1=O,9200.0,active
CHEMBL4852919,O=C(NCC1CCNCC1)c1c[nH]c2nc(-c3ccc(CN4CCCCC4)cc3)ccc12,9200.0,active
CHEMBL1730762,COC1=CC(=O)C(C2CC(=O)c3c(O)cc(O)cc3O2)=CC1=O,9230.0,active
CHEMBL1714335,Cc1ccccc1C1=C/C(=C(\SS/C(C(=O)c2ccc(OCC(=O)O)c(Cl)c2Cl)=C2\C=C(c3ccccc3C)SS2)C(=O)c2ccc(OCC(=O)O)c(Cl)c2Cl)SS1,9250.0,active
CHEMBL4864398,NCCCC[C@H](NC(=O)c1ccccc1)C(=O)N[C@@H](C(=O)N[C@H](C(N)=O)C1CCCCC1)c1ccc(OCc2ccccc2)cc1,9400.0,active
CHEMBL1486234,CC1(C)CC(=O)C(C(C2=C(O)CC(C)(C)CC2=O)c2ccc(O)c([N+](=O)[O-])c2)=C(O)C1,9490.0,active
CHEMBL4519543,C[C@@](NC(=O)[C@H](CCCCN)NC(=O)[C@H](CCCNC(=N)N)NC(=O)c1ccccc1)(C(N)=O)c1ccccc1,9500.0,active
CHEMBL1538386,CC1=NN(c2ccc(Cl)c(C(=O)O)c2)C(=O)/C1=C/c1ccc(-c2ccccc2[N+](=O)[O-])o1,9500.0,active
CHEMBL1607263,CCc1ccc(S(=O)(=O)Nc2cc(SCC(=O)O)c(O)c3ccccc23)cc1,9530.0,active
CHEMBL3196407,Cn1c(/N=C/c2c(O)ccc3ccccc23)nc2ccccc21,9600.0,active
CHEMBL1319867,O=[N+]([O-])c1c(Nc2ccccc2O)cc(Cl)c2nonc12,9700.0,active
CHEMBL1497153,O=C(O)c1[nH]c2ccccc2c1C(c1cc(Cl)cc([N+](=O)[O-])c1O)c1c(C(=O)O)[nH]c2ccccc12,9770.0,active
CHEMBL4870296,N=C(N)c1cccc(-c2ccc3c(c2)c2cc(-c4cccc(C(=N)N)c4)ccc2n3S(=O)(=O)c2ccccc2OC(F)(F)F)c1,9800.0,active
CHEMBL1360792,Cc1ccc2nc3cc([N+](=O)[O-])cc([N+](=O)[O-])c3cc2c1,9850.0,active
CHEMBL4874382,NCCCC[C@H](NC(=O)c1ccccc1)C(=O)N[C@H](C(=O)N[C@H](C(N)=O)C1CCCCC1)c1ccc(OCc2ccccc2)cc1,9900.0,active
CHEMBL4871540,O=C(C[C@H](NC(=O)c1ccccc1)C(=O)Nc1nc2cc(O)c(O)cc2s1)Nc1ccccc1,9950.0,active
CHEMBL4849139,O=C(NC1CCNCC1)c1c[nH]c2cc(-c3ccncc3)ccc12,10000.0,active
CHEMBL4483351,CC[C@H](C)[C@@H]1NC(=O)[C@H](CC(N)=O)NC(=O)[C@H](C(C)C)NC(=O)[C@H](CC(C)C)NC(=O)[C@H]([C@@H](C)O)NC(=O)[C@H](CC(N)=O)NC(=O)[C@H](Cc2ccc(OC)cc2)N(C)C(=O)[C@H]([C@@H](C)CC)NC(=O)[C@H](CCCCN)NC(=O)[C@H](Cc2c[nH]c3ccccc23)NC(=O)[C@H](Cc2ccc(O)cc2)NC(=O)CSC[C@@H](C(N)=O)NC1=O,10000.0,active
CHEMBL1503442,O=C1C(=Cc2cccn2-c2ccc(O)cc2)C(=O)c2ccccc21,10120.0,active
CHEMBL1998566,Cc1ccc(S(=O)(=O)/N=C2/C=C(C3C(=O)CC(C)(C)CC3=O)C(=O)c3ccccc32)cc1,10130.0,active
CHEMBL1422763,CCCC1=NN(c2ccccc2)C(=O)/C1=C\c1ccc(OCc2ccc(C(=O)O)cc2)cc1,10190.0,active
CHEMBL4869904,Ic1ccc(-c2ncc(OCCC3CCNCC3)nc2-c2ccc(I)cc2)cc1,10200.0,active
CHEMBL4871785,O=C(NCC1CCNCC1)c1cc2ccc(-c3cn[nH]c3)cc2[nH]1,10300.0,active
CHEMBL1308404,O=[N+]([O-])c1c(Nc2ccc(O)cc2)cc(Cl)c2nonc12,10420.0,active
CHEMBL4869765,COc1ccc(-c2ccc3cc(C(=O)NCC4CCNCC4)[nH]c3c2)cc1,10600.0,active
CHEMBL4864012,O=C(NCC1CCNCC1)c1cc2ccc(-c3ccc(OC(F)(F)F)cc3)cc2[nH]1,10700.0,active
CHEMBL1432590,O=C(O)c1cccc(Nc2cc(Cl)c3nonc3c2[N+](=O)[O-])c1,10720.0,active
CHEMBL1987742,COC1=CC(=O)C(O)=C(CCCCCCC/C=C/CCCCCCCC2=C(O)C(=O)C=C(OC)C2=O)C1=O,10810.0,active
CHEMBL1467719,O=C(O)CCn1cc(C=C2C(=O)NC(=S)NC2=O)c(-c2cccc(Cl)c2)n1,10930.0,active
CHEMBL4649655,CCCCCC(=O)N[C@H](C(=O)NCc1ccc(NC(=N)N)cc1)c1ccc(OCc2ccccc2)cc1.O=C(O)C(F)(F)F,11000.0,active
CHEMBL1373316,C=CS(=O)(=O)c1sc(Cl)c(N2CCOCC2)c1[N+](=O)[O-],11000.0,active
CHEMBL1707040,CN(C)c1c([N+](=O)[O-])cc(N2C(=O)C=CC2=O)cc1[N+](=O)[O-],11090.0,active
CHEMBL1387563,Cc1ccc(-c2ccc(/C=C3\C(=O)ON=C3c3ccccc3)o2)c([N+](=O)[O-])c1,11100.0,active
CHEMBL4876394,O=C(Nc1nc2cc(O)c(O)cc2s1)C(c1ccccc1)c1ccccc1,11120.0,active
CHEMBL4871038,O=[N+]([O-])c1ccc2nc(NC(=S)Nc3ccc(I)cc3)sc2c1,11210.0,active
CHEMBL2003651,O=C(O)c1ccc(S(=O)(=O)/N=C2\C=C(Nc3ccccc3F)C(=O)c3ccccc32)cc1,11210.0,active
CHEMBL1369802,CC1=NOC(=O)/C1=C/c1ccc2c(c1)OCO2,11560.0,active
CHEMBL1585191,O=C1ON=C(c2ccccc2)/C1=C/c1ccc(-c2ccccc2[N+](=O)[O-])o1,11580.0,active
CHEMBL4870594,O=C(Nc1ccccc1)[C@@H]1CCCN1C(=O)c1nc2cc(O)c(O)cc2s1,11590.0,active
CHEMBL1287980,CN(C)c1ccc(/C=c2\c3cc([N+](=O)[O-])ccc3n3c2cc(-c2ccccc2)[n+]3C)cc1.O=S(=O)([O-])C(F)(F)F,11820.0,active
CHEMBL1509676,COC(=O)c1ccc(N2NC(=O)/C(=C/c3ccc(-c4ccc(Cl)c(C(=O)O)c4)o3)C2=O)cc1,11930.0,active
CHEMBL1364221,O=C(O)c1ccc(Nc2cc(Cl)c3nonc3c2[N+](=O)[O-])cc1,11970.0,active
CHEMBL4870696,N#Cc1ccc(-c2ccc3c(C(=O)NCC4CCNCC4)c[nH]c3c2)cc1,12000.0,active
CHEMBL3198927,C=CCOc1ccccc1/C=c1\sc2nc(=O)c(C)nn2c1=O,12080.0,active
CHEMBL1400449,CCCC1=NN(c2ccccc2)C(=O)/C1=C/c1ccc(OCc2ccc(C(=O)O)cc2)cc1,12150.0,active
CHEMBL66953,O=c1c(O)cccc2cc(O)c(O)c(O)c12,12190.0,active
CHEMBL506092,N=C(N)NCCC[C@@H](C=O)NC(=O)[C@H](CCCCN)NC(=O)[C@H](CCCCN)NC(=O)Cc1ccc(-c2ccccc2)cc1,12200.0,active
CHEMBL1736254,O=C1C(=NCCc2cc(Br)c(O)c(Br)c2)C=C(O)c2cccnc21,12220.0,active
CHEMBL562949,O=C(O)c1ccc2c(c1)C(=O)/C(=C/c1ccccc1)C2=O,12230.0,active
CHEMBL1608853,O=C(O)c1ccc2c(c1)C(=O)/C(=C\c1ccco1)C2=O,12310.0,active
CHEMBL1471665,O=C(O)c1ccccc1-c1ccc(C=C2C(=O)N(c3ccccc3)C(=S)N(c3ccccc3)C2=O)o1,12350.0,active
CHEMBL4561419,N=C(N)NCCC[C@H](NC(=O)c1ccccc1)C(=O)N[C@@H](CCCCN)C(=O)N[C@@H](C(=O)N[C@@H]1CN(c2cccc(F)c2)C1=O)c1ccc(OCc2ccccc2)cc1,12400.0,active
CHEMBL1736502,CCCCCCCCSC1=CC(=O)C(OC)=C(OC)C1=O,12490.0,active
CHEMBL3194553,O=C(O)/C(CC(=O)c1ccc(Cl)cc1)=N/Nc1ccc([N+](=O)[O-])cc1[N+](=O)[O-],12530.0,active
CHEMBL1327017,O=C(Nc1cc(C(=O)Nc2ccccc2C(=O)O)cc(C(=O)Nc2ccccc2C(=O)O)c1)c1ccccc1,12680.0,active
CHEMBL1359070,CN(C)c1ccc(C=C2C(=O)NC(=S)NC2=O)cc1[N+](=O)[O-],12820.0,active
CHEMBL1312842,COc1cccc(/C=C2\C(=O)C(=O)c3ccccc32)c1,12900.0,active
CHEMBL4638581,CCCCCC(=O)N[C@H](C(=O)NCc1ccc(NC(=N)N)cc1)c1ccc(OCc2ccc(C(C)(C)C)cc2)cc1.O=C(O)C(F)(F)F,13000.0,active
CHEMBL4851607,CC(C)(C)C(=O)OCc1ccc(-c2ncc(OCC3CCNCC3)nc2-c2ccc(COC(=O)C(C)(C)C)cc2)cc1,13400.0,active
CHEMBL1321179,O=C1C(Cl)=C(N2CCOCC2)C(=O)N1c1cccc(Cl)c1,13620.0,active
CHEMBL4849531,N=C(N)NCCC[C@H](NC(=O)c1ccccc1)C(=O)N[C@@H](CCCCN)C(=O)N[C@@H](C(=O)N[C@H](C(N)=O)C1CCCCC1)c1ccc(OCc2ccccc2)cc1,13700.0,active
CHEMBL3191780,C/N=c1\scc(C)n1/N=C/c1ccc(O)c(O)c1O,13860.0,active
CHEMBL1345754,CCCCC1(C)OC(=O)C(=Cc2ccc(-c3ccc(Cl)c(C(=O)O)c3)o2)C(=O)O1,13960.0,active
CHEMBL4802111,CCCCCC(=O)N[C@H](C(=O)NCc1ccc(CNC(=N)N)cc1)c1ccc(OCc2ccccc2)cc1.O=C(O)C(F)(F)F,14000.0,active
CHEMBL1724452,C[n+]1c(-c2ccccc2)cc2c(=Cc3ccc([N+](=O)[O-])cc3)c3ccccc3n21.O=S(=O)([O-])C(F)(F)F,14250.0,active
CHEMBL3344303,N=C(N)Nc1ccc(OC(=O)c2ccc(NC(=N)N)cc2)cc1,14400.0,active
CHEMBL1893983,CC1=CC(=O)C(Sc2ccc(C)cc2)=CC1=O,14450.0,active
CHEMBL1704261,CCCC(=O)NC1=C(Cl)C(=O)c2ccccc2C1=O,14510.0,active
CHEMBL1492148,Cc1ccc(Sc2ccc(C=C3C(=O)N(C)C(=O)N(C)C3=O)o2)cc1,14530.0,active
CHEMBL1723511,O=C(O)c1cccc2cccc(-c3c4ccc(=O)c(O)c-4oc4c(O)c(O)ccc34)c12,14640.0,active
CHEMBL1587422,Cc1ccc(C)c(-n2c3nc(=O)[nH]c(=O)c-3cc3cc([N+](=O)[O-])ccc32)c1,14920.0,active
CHEMBL4849553,CC(C)(C)c1ccc(-c2ccc3cc(C(=O)NCC4CCNCC4)[nH]c3c2)cc1,15000.0,active
CHEMBL1707443,Oc1c(CN2CCOCC2)cc(CN2CCOCC2)c(O)c1O,15250.0,active
CHEMBL1538023,CC1=NOC(=O)/C1=C\c1ccc(-c2ccc(Cl)c(C(=O)O)c2)o1,15260.0,active
CHEMBL1464721,O=C(O)c1cccc(NC2=C(Cl)C(=O)c3ccccc3C2=O)c1,15570.0,active
CHEMBL1455522,CC1=NN(c2ccc(C(=O)O)cc2)C(=O)/C1=C\c1ccc(OC(=O)c2cccs2)cc1,15590.0,active
CHEMBL1500165,COc1ccc(NC(S)=NNc2ccc(S(=O)(=O)Nc3ccccc3C(=O)O)cc2[N+](=O)[O-])cc1,15750.0,active
CHEMBL1718737,Cn1c2ccccc2c2ccc3c(c21)C(=O)C=CC3=O,15780.0,active
CHEMBL1571889,CC(C)CN(CC(C)C)c1ccc(C=C2C(=O)NC(=S)NC2=O)cc1[N+](=O)[O-],15870.0,active
CHEMBL4545602,Cc1ccc(N2C[C@@H](NC(=O)[C@H](NC(=O)[C@H](CCCCN)NC(=O)[C@H](CCCNC(=N)N)NC(=O)c3ccccc3)c3ccc(OCc4ccccc4)cc3)C2=O)cc1,15900.0,active
CHEMBL1522210,O=C(O)c1[nH]c2ccccc2c1C(c1cc(Br)ccc1O)c1c(C(=O)O)[nH]c2ccccc12,15980.0,active
CHEMBL1543994,COc1cc(C(c2c(C(=O)O)[nH]c3ccccc23)c2c(C(=O)O)[nH]c3ccccc23)ccc1OCc1ccccc1,16030.0,active
CHEMBL515505,Nc1nc(Sc2ccc([N+](=O)[O-])c3nonc23)c2nc[nH]c2n1,16030.0,active
CHEMBL1734152,CC1COCC(C)N1C1=C(Cl)C(=O)c2ccccc2C1=O,16160.0,active
CHEMBL1365018,CN(C)c1ccc(C=C2C(=O)NC(=O)NC2=O)cc1[N+](=O)[O-],16270.0,active
CHEMBL1311053,CCc1sc(C(C2C(=O)CC(C)(C)CC2=O)C2C(=O)CC(C)(C)CC2=O)cc1[N+](=O)[O-],16370.0,active
CHEMBL3196837,Oc1ccc(/C=N/Nc2ccc(Cl)nn2)c(O)c1O,16400.0,active
CHEMBL4452870,Cc1cccc(N2C[C@@H](NC(=O)[C@H](NC(=O)[C@H](CCCCN)NC(=O)[C@H](CCCNC(=N)N)NC(=O)c3ccccc3)c3ccc(OCc4ccccc4)cc3)C2=O)c1,16400.0,active
CHEMBL1495219,Cn1nc([N+](=O)[O-])c(C(C#N)c2nc3ccccc3n2C)c(Cl)c1=O,16690.0,active
CHEMBL1304529,O=C(O)c1[nH]c2ccccc2c1C(c1ccccc1)c1c(C(=O)O)[nH]c2ccccc12,16700.0,active
CHEMBL1704513,Cc1cc(O)c2c(c1)C(=O)[C@@]13Oc4c5c(c(O)c6c(O)cc(C)cc46)C(=O)C[C@H](O)[C@H]5[C@@H]1[C@@H](O)CC(=O)C3=C2O,16720.0,active
CHEMBL1271764,CN1CCN(C2=C(Cl)C(=O)N(c3ccc(Cl)c(Cl)c3)C2=O)CC1,16890.0,active
CHEMBL1304374,COc1cc(Cl)cc(C(c2c(C(=O)O)[nH]c3ccccc23)c2c(C(=O)O)[nH]c3ccccc23)c1O,16930.0,active
CHEMBL5094815,N=C(N)N[C@H]1CC[C@H](CNC(=O)[C@H](CCCCN)NC(=O)[C@H](CCCCN)NC(=O)Cc2ccc(OCCCCS)cc2)CC1,17070.0,active
CHEMBL1998302,O=C(O)c1ccc(NC2=C/C(=N/S(=O)(=O)c3ccccc3)c3ccccc3C2=O)cc1,17100.0,active
CHEMBL1363719,COc1cc(/C=C2\C(=O)NC(=O)N(c3ccccc3)C2=O)c([N+](=O)[O-])cc1OC,17300.0,active
CHEMBL1479103,Oc1cc2c(cc1O)C1c3ccc(O)c(O)c3OCC1(O)C2,17360.0,active
CHEMBL1563712,CN1C(=O)NC(=O)/C(=C/c2ccc([N+](=O)[O-])s2)C1=O,17400.0,active
CHEMBL3190974,Cc1cc(SCC(=O)N/N=C/c2ccc(O)c(O)c2O)c(C)cc1Br,17450.0,active
CHEMBL1497878,Cc1nc2nc(-c3cccs3)cn2nc1C,17560.0,active
CHEMBL4527753,N=C(N)NCCC[C@H](NC(=O)c1ccccc1)C(=O)N[C@@H](CCCCN)C(=O)N[C@@H]1CN(c2ccccc2)C1=O,17700.0,active
CHEMBL1710429,Cc1[nH]c2ccccc2c1C1=CC(=O)C=CC1=O,17730.0,active
CHEMBL1578299,O=C1NC(=O)C(=Cc2ccc(-c3ccccc3[N+](=O)[O-])o2)C(=O)N1,17830.0,active
CHEMBL1968273,Oc1c(Br)cc(Br)c(/C=N/n2c(S)nnc2-c2ccccc2)c1Br,17940.0,active
CHEMBL4854249,N/C(=N\O)c1cccc(-c2ccc3c(c2)c2cc(-c4cccc(/C(N)=N/O)c4)ccc2n3Cc2cccc(Br)c2)c1,18000.0,active
CHEMBL1364384,COc1ccc(OC)c(N2C(=O)C(Cl)=C(N3CCOCC3)C2=O)c1,18060.0,active
CHEMBL1331111,O=C(O)/C=C/C(=O)Nc1ccc(C2(c3ccc(NC(=O)/C=C/C(=O)O)cc3)c3ccccc3-c3ccccc32)cc1,18150.0,active
CHEMBL1495157,CCOC(=O)C1(C)C(N=Nc2cccc(Cl)c2)=C(O)C(=O)N1c1ccccc1,18380.0,active
CHEMBL1717890,O=C(NC1=CC(=O)c2ccccc2C1=O)c1ccccc1,18460.0,active
CHEMBL512216,Cn1c(=O)c2[nH]c(-c3ccccc3)c(O)c2n(C)c1=O,18500.0,active
CHEMBL1382785,O=C(O)c1ccccc1NS(=O)(=O)c1ccc(NN=C(S)Nc2ccc(OC(F)F)cc2)c([N+](=O)[O-])c1,18530.0,active
CHEMBL1485159,C[n+]1c2ccccc2nc2ccc(NCCO)cc21.[O-][Cl+3]([O-])([O-])[O-],18640.0,active
CHEMBL1519374,O=C1C(Cl)=C(Nc2ccc3c[nH]nc3c2)C(=O)c2ccccc21,18650.0,active
CHEMBL1497208,O=C1C(Cl)=C(N2CCOCC2)C(=O)N1c1ccccc1,18660.0,active
CHEMBL1594818,CCOc1cc(Br)cc(C(c2c(C(=O)O)[nH]c3ccccc23)c2c(C(=O)O)[nH]c3ccccc23)c1O,18710.0,active
CHEMBL1509826,COc1ccc(OC)c(N2C(=O)NC(=O)/C(=C/c3ccc([N+](=O)[O-])s3)C2=O)c1,18780.0,active
CHEMBL1340633,COc1cc(-c2ccc(Nc3ccccc3C(=O)O)c(OC)c2)ccc1Nc1ccccc1C(=O)O,18810.0,active
CHEMBL1703976,O=C1OC(c2ccc3ccccc3c2O)(c2ccc3ccccc3c2O)c2ccccc21,18990.0,active
CHEMBL4633636,CCCCCC(=O)N[C@H](C(=O)NCc1ccc(NC(=N)N)nc1)c1ccc(OCc2ccccc2)cc1.O=C(O)C(F)(F)F,19000.0,active
CHEMBL1990734,O=C(O)c1ccccc1N=N/C(=N/Nc1cc(S(=O)(=O)[O-])ccc1O)c1ccccc1.[Na+],19080.0,active
CHEMBL1899341,O=S(=O)(N=C1C=CC(=NS(=O)(=O)c2ccccc2)c2ccccc21)c1ccccc1,19140.0,active
CHEMBL1568333,N=C1/C(=C\c2ccc(OC(=O)c3ccc(F)cc3)cc2)C(=O)N=C2SC(N3CCOCC3)=NN12,19230.0,active
CHEMBL1467133,CC1=NN(c2ccccc2)C(=O)/C1=C\c1ccc(Oc2ccc([N+](=O)[O-])cc2[N+](=O)[O-])cc1,19290.0,active
CHEMBL1271266,O=S(=O)(O)c1cc(O)c2cc(Nc3ccccc3)ccc2c1,19410.0,active
CHEMBL1492926,CC1=NN(c2ccc(Cl)c(C(=O)O)c2)C(=O)/C1=C\c1ccc(-c2ccc(C(=O)O)cc2)o1,19440.0,active
CHEMBL1736648,O=C(O)c1cc(N2C(=O)C=CC2=O)cc(N2C(=O)C=CC2=O)c1,19590.0,active
CHEMBL1712082,CC1=C(O)C(=O)C=C2C1=CC=C1C2(C)CCC2(C)C3CC(C)(C(=O)O)CCC3(C)CCC12C,19660.0,active
CHEMBL1400214,O=C1NC(=O)C(=Cc2ccc(N3CCN(C(=O)c4ccccc4)CC3)c([N+](=O)[O-])c2)C(=O)N1,19810.0,active
CHEMBL1349676,COC(=O)CCC(=O)OC1(C)C(=O)C2=CN(CCCOC(C)C)C(c3ccc(OC)cc3)=CC2=C(Br)C1=O,19820.0,active
CHEMBL1404302,CCOc1cc(/C=C2\C(=O)NC(=O)N(C)C2=O)cc([N+](=O)[O-])c1O,19860.0,active
CHEMBL1380801,O=[N+]([O-])c1c(Nc2ccccn2)cc(Cl)c2nonc12,19980.0,active
